date,views
2021-07-01,4463
2021-07-02,3755
2021-07-03,2518
2021-07-04,2298
2021-07-05,2772
2021-07-06,2215
2021-07-07,1929
2021-07-08,1600
2021-07-09,1448
2021-07-10,1480
2021-07-11,2131
2021-07-12,2335
2021-07-13,1784
2021-07-14,1678
2021-07-15,1704
2021-07-16,1663
2021-07-17,1668
2021-07-18,1551
2021-07-19,2799
2021-07-20,1825
2021-07-21,1568
2021-07-22,1603
2021-07-23,1930
2021-07-24,1823
2021-07-25,2017
2021-07-26,1402
2021-07-27,1291
2021-07-28,1207
2021-07-29,1184
2021-07-30,1089
2021-07-31,1054
2021-08-01,1124
2021-08-02,1061
2021-08-03,1192
2021-08-04,1112
2021-08-05,1102
2021-08-06,1037
2021-08-07,1086
2021-08-08,1029
2021-08-09,1007
2021-08-10,1032
2021-08-11,1004
2021-08-12,1111
2021-08-13,1099
2021-08-14,1103
2021-08-15,1030
2021-08-16,1064
2021-08-17,983
2021-08-18,1043
2021-08-19,1015
2021-08-20,1053
2021-08-21,1059
2021-08-22,1108
2021-08-23,1264
2021-08-24,1454
2021-08-25,1297
2021-08-26,1914
2021-08-27,2111
2021-08-28,1522
2021-08-29,1342
2021-08-30,1520
2021-08-31,1470
2021-09-01,1294
2021-09-02,1357
2021-09-03,2065
2021-09-04,2555
2021-09-05,3442
2021-09-06,5149
2021-09-07,23372
2021-09-08,19156
2021-09-09,8593
2021-09-10,5358
2021-09-11,3541
2021-09-12,3215
2021-09-13,3639
2021-09-14,2704
2021-09-15,2842
2021-09-16,4315
2021-09-17,2947
2021-09-18,2960
2021-09-19,2254
2021-09-20,13749
2021-09-21,9909
2021-09-22,7150
2021-09-23,3504
2021-09-24,2641
2021-09-25,2083
2021-09-26,2679
2021-09-27,2014
2021-09-28,1999
2021-09-29,2316
2021-09-30,1936
2021-10-01,2624
2021-10-02,2433
2021-10-03,2213
2021-10-04,1909
2021-10-05,1818
2021-10-06,1765
2021-10-07,1508
2021-10-08,1605
2021-10-09,1789
2021-10-10,2206
2021-10-11,1876
2021-10-12,1379
2021-10-13,1180
2021-10-14,1768
2021-10-15,1236
2021-10-16,1507
2021-10-17,1561
2021-10-18,2301
2021-10-19,1784
2021-10-20,1564
2021-10-21,2432
2021-10-22,1673
2021-10-23,1200
2021-10-24,1251
2021-10-25,1245
2021-10-26,1253
2021-10-27,1678
2021-10-28,3102
2021-10-29,2193
2021-10-30,1502
2021-10-31,1529
2021-11-01,1321
2021-11-02,1584
2021-11-03,2667
2021-11-04,3405
2021-11-05,2110
2021-11-06,1471
2021-11-07,1754
2021-11-08,2025
2021-11-09,1834
2021-11-10,2019
2021-11-11,1522
2021-11-12,2148
2021-11-13,1433
2021-11-14,1303
2021-11-15,1193
2021-11-16,1269
2021-11-17,1241
2021-11-18,1280
2021-11-19,1167
2021-11-20,1108
2021-11-21,8375
2021-11-22,13357
2021-11-23,7775
2021-11-24,4944
2021-11-25,3529
2021-11-26,3635
2021-11-27,5208
2021-11-28,4422
2021-11-29,3436
2021-11-30,2418
2021-12-01,2159
2021-12-02,2450
2021-12-03,3271
2021-12-04,12034
2021-12-05,13418
2021-12-06,7190
2021-12-07,4416
2021-12-08,3277
2021-12-09,2974
2021-12-10,3345
2021-12-11,2915
2021-12-12,2329
2021-12-13,2627
2021-12-14,1824
2021-12-15,2039
2021-12-16,1704
2021-12-17,1429
2021-12-18,1415
2021-12-19,2185
2021-12-20,4635
2021-12-21,3191
2021-12-22,2744
2021-12-23,2028
2021-12-24,2092
2021-12-25,2062
2021-12-26,1925
2021-12-27,1687
2021-12-28,1565
2021-12-29,1726
2021-12-30,1579
2021-12-31,1964
2022-01-01,1895
2022-01-02,3284
2022-01-03,3629
2022-01-04,4390
2022-01-05,3173
2022-01-06,2618
2022-01-07,2397
2022-01-08,2207
2022-01-09,2779
2022-01-10,1881
2022-01-11,1571
2022-01-12,2168
2022-01-13,4512
2022-01-14,2518
2022-01-15,1991
2022-01-16,2038
2022-01-17,2796
2022-01-18,6709
2022-01-19,4018
2022-01-20,6111
2022-01-21,7042
2022-01-22,11439
2022-01-23,14675
2022-01-24,10304
2022-01-25,9558
2022-01-26,12145
2022-01-27,5973
2022-01-28,4652
2022-01-29,3526
2022-01-30,2758
2022-01-31,3221
2022-02-01,4394
2022-02-02,3559
2022-02-03,3521
2022-02-04,2483
2022-02-05,4647
2022-02-06,3639
2022-02-07,2540
2022-02-08,2040
2022-02-09,2008
2022-02-10,2119
2022-02-11,1755
2022-02-12,1443
2022-02-13,3079
2022-02-14,2590
2022-02-15,3975
2022-02-16,3373
2022-02-17,4453
2022-02-18,2655
2022-02-19,3602
2022-02-20,2766
2022-02-21,2753
2022-02-22,2399
2022-02-23,2351
2022-02-24,2555
2022-02-25,2179
2022-02-26,1637
2022-02-27,1750
2022-02-28,1482
2022-03-01,1526
2022-03-02,1661
2022-03-03,2003
2022-03-04,1381
2022-03-05,1192
2022-03-06,1154
2022-03-07,1330
2022-03-08,1169
2022-03-09,1184
2022-03-10,1290
2022-03-11,1434
2022-03-12,1483
2022-03-13,1340
2022-03-14,1354
2022-03-15,1359
2022-03-16,1638
2022-03-17,1272
2022-03-18,1170
2022-03-19,1272
2022-03-20,1671
2022-03-21,2195
2022-03-22,1862
2022-03-23,1644
2022-03-24,2110
2022-03-25,1746
2022-03-26,1295
2022-03-27,4161
2022-03-28,5531
2022-03-29,3850
2022-03-30,3316
2022-03-31,3199
2022-04-01,2934
2022-04-02,2665
2022-04-03,2873
2022-04-04,2429
2022-04-05,5515
2022-04-06,9628
2022-04-07,6993
2022-04-08,5585
2022-04-09,5035
2022-04-10,4503
2022-04-11,6395
2022-04-12,4240
2022-04-13,4988
2022-04-14,5284
2022-04-15,4307
2022-04-16,4406
2022-04-17,4103
2022-04-18,3271
2022-04-19,3325
2022-04-20,2836
2022-04-21,2819
2022-04-22,2515
2022-04-23,2512
2022-04-24,2926
2022-04-25,2897
2022-04-26,2776
2022-04-27,2983
2022-04-28,3650
2022-04-29,2915
2022-04-30,3087
2022-05-01,3451
2022-05-02,3076
2022-05-03,4125
2022-05-04,5444
2022-05-05,4512
2022-05-06,4814
2022-05-07,4528
2022-05-08,3781
2022-05-09,4014
2022-05-10,6523
2022-05-11,5594
2022-05-12,6813
2022-05-13,5857
2022-05-14,5161
2022-05-15,3320
2022-05-16,3771
2022-05-17,3107
2022-05-18,2870
2022-05-19,2474
2022-05-20,2013
2022-05-21,2730
2022-05-22,3225
2022-05-23,4693
2022-05-24,2786
2022-05-25,2322
2022-05-26,2526
2022-05-27,2151
2022-05-28,1956
2022-05-29,2184
2022-05-30,2583
2022-05-31,2337
2022-06-01,2181
2022-06-02,3797
2022-06-03,3025
2022-06-04,2715
2022-06-05,2374
2022-06-06,2319
2022-06-07,2022
2022-06-08,2046
2022-06-09,3797
2022-06-10,2707
2022-06-11,2126
2022-06-12,2320
2022-06-13,3984
2022-06-14,5107
2022-06-15,5572
2022-06-16,7294
2022-06-17,4237
2022-06-18,4409
2022-06-19,4571
2022-06-20,4416
2022-06-21,3315
2022-06-22,2802
2022-06-23,2656
2022-06-24,2031
2022-06-25,2556
2022-06-26,2911
2022-06-27,2335
2022-06-28,2652
2022-06-29,2141
2022-06-30,2313
2022-07-01,3389
2022-07-02,3160
2022-07-03,3577
2022-07-04,3318
2022-07-05,3115
2022-07-06,2878
2022-07-07,2334
2022-07-08,2201
2022-07-09,2003
2022-07-10,2222
2022-07-11,2876
2022-07-12,3027
2022-07-13,2203
2022-07-14,1990
2022-07-15,2175
2022-07-16,2470
2022-07-17,2640
2022-07-18,2575
2022-07-19,1764
2022-07-20,1834
2022-07-21,1775
2022-07-22,1864
2022-07-23,1700
2022-07-24,2205
2022-07-25,1965
2022-07-26,1649
2022-07-27,2000
2022-07-28,1732
2022-07-29,1603
2022-07-30,1406
2022-07-31,1634
2022-08-01,1832
2022-08-02,1573
2022-08-03,1574
2022-08-04,1548
2022-08-05,1398
2022-08-06,1340
2022-08-07,1319
2022-08-08,1603
2022-08-09,1493
2022-08-10,2361
2022-08-11,2062
2022-08-12,1461
2022-08-13,1432
2022-08-14,1545
2022-08-15,1752
2022-08-16,1693
2022-08-17,1935
2022-08-18,2011
2022-08-19,2029
2022-08-20,1645
2022-08-21,1704
2022-08-22,1503
2022-08-23,1461
2022-08-24,1901
2022-08-25,1487
2022-08-26,1628
2022-08-27,1830
2022-08-28,2056
2022-08-29,2064
2022-08-30,1640
2022-08-31,1571
2022-09-01,1683
2022-09-02,1568
2022-09-03,1462
2022-09-04,1671
2022-09-05,2040
2022-09-06,1892
2022-09-07,2342
2022-09-08,2072
2022-09-09,1963
2022-09-10,2153
2022-09-11,2928
2022-09-12,2143
2022-09-13,1861
2022-09-14,2207
2022-09-15,2254
2022-09-16,5560
2022-09-17,4660
2022-09-18,2963
2022-09-19,2513
2022-09-20,2868
2022-09-21,3724
2022-09-22,11455
2022-09-23,3896
2022-09-24,3028
2022-09-25,2806
2022-09-26,2866
2022-09-27,2656
2022-09-28,2209
2022-09-29,1810
2022-09-30,1751
2022-10-01,1944
2022-10-02,2053
2022-10-03,1975
2022-10-04,1668
2022-10-05,1686
2022-10-06,1857
2022-10-07,2200
2022-10-08,2162
2022-10-09,2130
2022-10-10,1740
2022-10-11,1850
2022-10-12,1679
2022-10-13,2426
2022-10-14,1636
2022-10-15,1775
2022-10-16,1831
2022-10-17,1790
2022-10-18,1635
2022-10-19,1586
2022-10-20,1528
2022-10-21,1593
2022-10-22,1528
2022-10-23,1529
2022-10-24,1595
2022-10-25,1572
2022-10-26,1441
2022-10-27,1332
2022-10-28,1387
2022-10-29,1393
2022-10-30,1435
2022-10-31,2898
2022-11-01,7049
2022-11-02,6177
2022-11-03,3374
2022-11-04,4053
2022-11-05,4695
2022-11-06,4023
2022-11-07,3713
2022-11-08,4324
2022-11-09,3039
2022-11-10,3803
2022-11-11,3188
2022-11-12,2682
2022-11-13,2817
2022-11-14,3001
2022-11-15,3382
2022-11-16,3264
2022-11-17,4026
2022-11-18,2916
2022-11-19,2274
2022-11-20,2765
2022-11-21,2215
2022-11-22,2032
2022-11-23,2116
2022-11-24,2341
2022-11-25,2821
2022-11-26,2309
2022-11-27,1999
2022-11-28,1999
2022-11-29,2007
2022-11-30,2169
2022-12-01,2374
2022-12-02,1666
2022-12-03,2585
2022-12-04,6191
2022-12-05,4633
2022-12-06,3377
2022-12-07,3062
2022-12-08,2972
2022-12-09,2105
2022-12-10,2050
2022-12-11,1806
2022-12-12,1953
2022-12-13,1762
2022-12-14,1739
2022-12-15,2557
2022-12-16,1838
2022-12-17,1500
2022-12-18,1476
2022-12-19,1376
2022-12-20,1373
2022-12-21,1432
2022-12-22,1386
2022-12-23,1476
2022-12-24,1521
2022-12-25,1830
2022-12-26,1511
2022-12-27,2085
2022-12-28,2181
2022-12-29,1797
2022-12-30,1486
2022-12-31,1399
2023-01-01,1753
2023-01-02,1658
2023-01-03,1558
2023-01-04,1550
2023-01-05,1578
2023-01-06,1704
2023-01-07,1540
2023-01-08,1640
2023-01-09,1741
2023-01-10,1434
2023-01-11,1642
2023-01-12,1550
2023-01-13,2111
2023-01-14,2167
2023-01-15,9424
2023-01-16,4749
2023-01-17,3065
2023-01-18,2265
2023-01-19,2355
2023-01-20,1962
2023-01-21,2154
2023-01-22,1989
2023-01-23,1842
2023-01-24,2258
2023-01-25,2141
2023-01-26,2505
2023-01-27,1982
2023-01-28,1889
2023-01-29,1871
2023-01-30,2231
2023-01-31,2039
2023-02-01,2653
2023-02-02,3591
2023-02-03,3806
2023-02-04,3626
2023-02-05,2872
2023-02-06,3172
2023-02-07,2587
2023-02-08,2257
2023-02-09,3122
2023-02-10,3023
2023-02-11,2588
2023-02-12,2370
2023-02-13,2041
2023-02-14,1943
2023-02-15,2405
2023-02-16,2628
2023-02-17,3156
2023-02-18,2705
2023-02-19,2410
2023-02-20,2622
2023-02-21,2648
2023-02-22,2422
2023-02-23,1914
2023-02-24,3744
2023-02-25,27593
2023-02-26,32580
2023-02-27,23214
2023-02-28,17786
2023-03-01,16667
2023-03-02,13322
2023-03-03,13489
2023-03-04,15748
2023-03-05,13895
2023-03-06,10749
2023-03-07,10585
2023-03-08,8209
2023-03-09,6048
2023-03-10,5402
2023-03-11,6157
2023-03-12,5704
2023-03-13,4544
2023-03-14,6890
2023-03-15,6266
2023-03-16,9472
2023-03-17,8409
2023-03-18,7614
2023-03-19,7769
2023-03-20,6022
2023-03-21,5901
2023-03-22,5541
2023-03-23,4818
2023-03-24,5439
2023-03-25,4863
2023-03-26,5096
2023-03-27,6230
2023-03-28,5780
2023-03-29,5215
2023-03-30,4445
2023-03-31,4728
2023-04-01,5262
2023-04-02,6340
2023-04-03,4688
2023-04-04,3942
2023-04-05,5791
2023-04-06,3666
2023-04-07,3560
2023-04-08,3559
2023-04-09,5148
2023-04-10,4871
2023-04-11,3317
2023-04-12,3119
2023-04-13,3056
2023-04-14,2712
2023-04-15,3020
2023-04-16,2602
2023-04-17,2881
2023-04-18,2732
2023-04-19,2914
2023-04-20,3512
2023-04-21,2882
2023-04-22,2988
2023-04-23,3012
2023-04-24,2977
2023-04-25,3023
2023-04-26,3098
2023-04-27,3051
2023-04-28,2591
2023-04-29,2702
2023-04-30,2561
2023-05-01,2478
2023-05-02,2596
2023-05-03,2286
2023-05-04,2597
2023-05-05,2943
2023-05-06,2927
2023-05-07,2460
2023-05-08,2604
2023-05-09,2224
2023-05-10,2544
2023-05-11,3090
2023-05-12,4213
2023-05-13,3156
2023-05-14,3069
2023-05-15,3152
2023-05-16,10438
2023-05-17,13999
2023-05-18,9666
2023-05-19,7328
2023-05-20,7627
2023-05-21,10664
2023-05-22,7827
2023-05-23,5322
2023-05-24,4884
2023-05-25,4646
2023-05-26,3954
2023-05-27,3698
2023-05-28,4008
2023-05-29,4466
2023-05-30,4782
2023-05-31,4143
2023-06-01,3555
2023-06-02,6686
2023-06-03,5829
2023-06-04,6657
2023-06-05,5425
2023-06-06,7683
2023-06-07,6225
2023-06-08,5286
2023-06-09,4106
2023-06-10,3698
2023-06-11,4015
2023-06-12,3584
2023-06-13,3494
2023-06-14,3620
2023-06-15,3313
2023-06-16,3510
2023-06-17,3562
2023-06-18,4022
2023-06-19,4120
2023-06-20,8305
2023-06-21,9747
2023-06-22,7784
2023-06-23,4863
2023-06-24,5566
2023-06-25,4847
2023-06-26,4958
2023-06-27,4480
2023-06-28,3931
2023-06-29,3257
2023-06-30,2999
2023-07-01,3094
2023-07-02,3723
2023-07-03,3410
2023-07-04,3027
2023-07-05,3015
2023-07-06,2962
2023-07-07,3146
2023-07-08,3435
2023-07-09,3762
2023-07-10,4905
2023-07-11,4825
2023-07-12,3845
2023-07-13,3059
2023-07-14,7134
2023-07-15,3876
2023-07-16,4207
2023-07-17,4127
2023-07-18,6384
2023-07-19,3856
2023-07-20,4138
2023-07-21,5640
2023-07-22,5831
2023-07-23,5026
2023-07-24,8434
2023-07-25,9502
2023-07-26,7659
2023-07-27,5437
2023-07-28,5907
2023-07-29,4667
2023-07-30,4693
2023-07-31,4460
2023-08-01,4675
2023-08-02,6743
2023-08-03,5399
2023-08-04,4145
2023-08-05,4054
2023-08-06,3658
2023-08-07,3980
2023-08-08,3645
2023-08-09,3621
2023-08-10,6389
2023-08-11,4843
2023-08-12,4276
2023-08-13,4481
2023-08-14,4675
2023-08-15,4188
2023-08-16,4085
2023-08-17,4218
2023-08-18,3910
2023-08-19,3693
2023-08-20,3875
2023-08-21,4661
2023-08-22,3650
2023-08-23,3970
2023-08-24,5108
2023-08-25,3930
2023-08-26,3177
2023-08-27,3630
2023-08-28,3560
2023-08-29,3411
2023-08-30,3330
2023-08-31,3335
2023-09-01,3313
2023-09-02,3088
2023-09-03,3272
2023-09-04,3270
2023-09-05,2821
2023-09-06,2637
2023-09-07,2983
2023-09-08,2723
2023-09-09,2592
2023-09-10,3165
2023-09-11,2956
2023-09-12,2831
2023-09-13,3677
2023-09-14,4077
2023-09-15,3656
2023-09-16,3588
2023-09-17,3467
2023-09-18,3614
2023-09-19,3301
2023-09-20,5018
2023-09-21,4258
2023-09-22,3629
2023-09-23,3302
2023-09-24,3183
2023-09-25,3182
2023-09-26,3039
2023-09-27,3120
2023-09-28,3287
2023-09-29,2832
2023-09-30,3831
2023-10-01,3208
2023-10-02,3282
2023-10-03,2740
2023-10-04,2910
2023-10-05,3180
2023-10-06,2631
2023-10-07,2768
2023-10-08,2847
2023-10-09,8808
2023-10-10,5191
2023-10-11,4098
2023-10-12,3614
2023-10-13,4414
2023-10-14,4171
2023-10-15,4213
2023-10-16,4438
2023-10-17,3553
2023-10-18,3272
2023-10-19,3281
2023-10-20,3584
2023-10-21,3326
2023-10-22,3338
2023-10-23,3539
2023-10-24,4833
2023-10-25,3559
2023-10-26,3092
2023-10-27,4400
2023-10-28,4400
2023-10-29,3956
2023-10-30,3750
2023-10-31,3245
2023-11-01,3325
2023-11-02,3116
2023-11-03,3459
2023-11-04,4003
2023-11-05,3597
2023-11-06,3000
2023-11-07,2815
2023-11-08,3099
2023-11-09,3599
2023-11-10,8013
2023-11-11,8871
2023-11-12,8810
2023-11-13,12738
2023-11-14,9235
2023-11-15,7405
2023-11-16,5879
2023-11-17,6402
2023-11-18,6286
2023-11-19,37084
2023-11-20,19449
2023-11-21,11875
2023-11-22,8220
2023-11-23,13802
2023-11-24,8427
2023-11-25,5390
2023-11-26,5034
2023-11-27,4492
2023-11-28,4215
2023-11-29,5410
2023-11-30,5265
2023-12-01,8471
2023-12-02,7263
2023-12-03,6491
2023-12-04,5592
2023-12-05,5289
2023-12-06,5124
2023-12-07,4791
2023-12-08,4504
2023-12-09,5385
2023-12-10,5440
2023-12-11,4700
2023-12-12,3548
2023-12-13,3437
2023-12-14,3252
2023-12-15,2875
2023-12-16,3139
2023-12-17,3893
2023-12-18,3320
2023-12-19,2866
2023-12-20,5881
2023-12-21,4209
2023-12-22,4052
2023-12-23,4698
2023-12-24,4014
2023-12-25,4058
2023-12-26,3369
2023-12-27,3024
2023-12-28,2881
2023-12-29,2924
2023-12-30,3308
2023-12-31,3612
2024-01-01,3819
2024-01-02,3509
2024-01-03,3453
2024-01-04,3556
2024-01-05,4256
2024-01-06,3930
2024-01-07,3560
2024-01-08,3222
2024-01-09,5645
2024-01-10,12556
2024-01-11,7770
2024-01-12,5192
2024-01-13,5537
2024-01-14,4814
2024-01-15,5625
2024-01-16,4400
2024-01-17,4648
2024-01-18,4789
2024-01-19,10990
2024-01-20,6415
2024-01-21,5816
2024-01-22,5416
2024-01-23,4089
2024-01-24,4042
2024-01-25,3686
2024-01-26,3767
2024-01-27,3456
2024-01-28,4112
2024-01-29,4200
2024-01-30,4705
2024-01-31,7437
2024-02-01,8477
2024-02-02,12544
2024-02-03,20175
2024-02-04,32812
2024-02-05,97459
2024-02-06,91593
2024-02-07,42303
2024-02-08,36905
2024-02-09,25038
2024-02-10,19872
2024-02-11,15871
2024-02-12,11681
2024-02-13,16242
2024-02-14,15910
2024-02-15,15259
2024-02-16,11715
2024-02-17,11122
2024-02-18,10386
2024-02-19,10814
2024-02-20,13274
2024-02-21,14485
2024-02-22,11261
2024-02-23,20241
2024-02-24,17103
2024-02-25,30445
2024-02-26,25679
2024-02-27,23969
2024-02-28,21304
2024-02-29,17805
2024-03-01,12895
2024-03-02,11547
2024-03-03,11057
2024-03-04,11085
2024-03-05,10378
2024-03-06,8146
2024-03-07,6923
2024-03-08,7017
2024-03-09,6865
2024-03-10,9425
2024-03-11,10348
2024-03-12,9778
2024-03-13,8603
2024-03-14,7022
2024-03-15,7046
2024-03-16,7484
2024-03-17,7202
2024-03-18,6898
2024-03-19,6431
2024-03-20,6505
2024-03-21,6377
2024-03-22,7104
2024-03-23,7254
2024-03-24,6088
2024-03-25,8236
2024-03-26,7808
2024-03-27,7205
2024-03-28,6246
2024-03-29,5480
2024-03-30,6365
2024-03-31,5924
2024-04-01,6110
2024-04-02,6303
2024-04-03,5812
2024-04-04,5768
2024-04-05,5363
2024-04-06,6933
2024-04-07,12522
2024-04-08,10324
2024-04-09,9063
2024-04-10,6262
2024-04-11,6370
2024-04-12,6142
2024-04-13,5393
2024-04-14,5676
2024-04-15,4961
2024-04-16,4822
2024-04-17,4770
2024-04-18,5010
2024-04-19,4366
2024-04-20,4219
2024-04-21,4318
2024-04-22,5384
2024-04-23,4090
2024-04-24,3947
2024-04-25,3920
2024-04-26,4099
2024-04-27,3986
2024-04-28,3651
2024-04-29,3549
2024-04-30,9345
2024-05-01,8337
2024-05-02,7627
2024-05-03,9051
2024-05-04,8354
2024-05-05,6675
2024-05-06,5653
2024-05-07,4700
2024-05-08,4829
2024-05-09,4570
2024-05-10,4249
2024-05-11,4071
2024-05-12,5164
2024-05-13,4949
2024-05-14,4160
2024-05-15,4507
2024-05-16,3860
2024-05-17,3844
2024-05-18,3921
2024-05-19,3879
2024-05-20,4489
2024-05-21,4153
2024-05-22,4278
2024-05-23,4122
2024-05-24,4112
2024-05-25,4038
2024-05-26,7719
2024-05-27,7519
2024-05-28,4747
2024-05-29,5095
2024-05-30,5808
2024-05-31,5776
2024-06-01,13488
2024-06-02,17483
2024-06-03,18077
2024-06-04,13317
2024-06-05,18249
2024-06-06,41469
2024-06-07,28744
2024-06-08,25154
2024-06-09,27546
2024-06-10,26779
2024-06-11,27230
2024-06-12,21932
2024-06-13,20994
2024-06-14,15398
2024-06-15,12816
2024-06-16,11502
2024-06-17,10074
2024-06-18,8972
2024-06-19,8257
2024-06-20,7926
2024-06-21,7186
2024-06-22,6588
2024-06-23,7427
2024-06-24,6798
2024-06-25,6424
2024-06-26,7646
2024-06-27,7009
2024-06-28,7243
2024-06-29,8340
2024-06-30,11052
2024-07-01,8035
2024-07-02,6525
2024-07-03,6334
2024-07-04,6083
2024-07-05,6446
2024-07-06,6620
2024-07-07,8030
2024-07-08,9300
2024-07-09,7149
2024-07-10,6129
2024-07-11,6048
2024-07-12,5908
2024-07-13,5789
2024-07-14,6954
2024-07-15,5946
2024-07-16,6313
2024-07-17,5392
2024-07-18,5284
2024-07-19,9762
2024-07-20,7785
2024-07-21,8588
2024-07-22,6169
2024-07-23,5300
2024-07-24,5198
2024-07-25,5096
2024-07-26,5674
2024-07-27,7247
2024-07-28,7003
2024-07-29,8303
2024-07-30,8873
2024-07-31,6592
2024-08-01,6246
2024-08-02,5120
2024-08-03,6085
2024-08-04,4843
2024-08-05,6255
2024-08-06,5730
2024-08-07,4212
2024-08-08,3809
2024-08-09,3612
2024-08-10,3266
2024-08-11,3466
2024-08-12,3295
2024-08-13,3397
2024-08-14,3372
2024-08-15,3405
2024-08-16,3522
2024-08-17,3457
2024-08-18,3661
2024-08-19,3660
2024-08-20,3836
2024-08-21,3380
2024-08-22,3234
2024-08-23,3213
2024-08-24,2853
2024-08-25,4247
2024-08-26,6136
2024-08-27,3846
2024-08-28,3686
2024-08-29,6356
2024-08-30,5394
2024-08-31,3892
2024-09-01,4810
2024-09-02,4281
2024-09-03,3746
2024-09-04,3231
2024-09-05,3496
2024-09-06,3178
2024-09-07,3125
2024-09-08,3081
2024-09-09,3350
2024-09-10,3334
2024-09-11,3580
2024-09-12,8489
2024-09-13,5727
2024-09-14,5127
2024-09-15,4535
2024-09-16,4811
2024-09-17,11947
2024-09-18,6851
2024-09-19,4809
2024-09-20,4151
2024-09-21,12154
2024-09-22,6143
2024-09-23,4624
2024-09-24,4903
2024-09-25,9764
2024-09-26,6295
2024-09-27,4344
2024-09-28,3763
2024-09-29,4382
2024-09-30,5720
2024-10-01,5322
2024-10-02,4824
2024-10-03,3807
2024-10-04,3742
2024-10-05,3792
2024-10-06,3344
2024-10-07,4454
2024-10-08,4078
2024-10-09,4556
2024-10-10,3986
2024-10-11,6469
2024-10-12,4303
2024-10-13,3844
2024-10-14,3681
2024-10-15,4208
2024-10-16,4434
2024-10-17,5210
2024-10-18,5172
2024-10-19,4166
2024-10-20,3576
2024-10-21,3461
2024-10-22,5515
2024-10-23,4200
2024-10-24,3471
2024-10-25,3383
2024-10-26,3033
2024-10-27,4602
2024-10-28,7547
2024-10-29,7489
2024-10-30,7911
2024-10-31,7030
2024-11-01,7508
2024-11-02,6801
2024-11-03,6941
2024-11-04,6066
2024-11-05,5883
2024-11-06,15178
2024-11-07,9382
2024-11-08,7574
2024-11-09,7545
2024-11-10,7323
2024-11-11,7897
2024-11-12,8922
2024-11-13,6469
2024-11-14,9147
2024-11-15,15463
2024-11-16,9230
2024-11-17,9492
2024-11-18,8528
2024-11-19,7250
2024-11-20,5949
2024-11-21,7407
2024-11-22,8267
2024-11-23,14888
2024-11-24,7164
2024-11-25,6414
2024-11-26,4943
2024-11-27,4652
2024-11-28,5087
2024-11-29,4855
2024-11-30,39657
2024-12-01,5478
2024-12-02,4792
2024-12-03,4856
2024-12-04,4499
2024-12-05,5923
2024-12-06,4774
2024-12-07,4596
2024-12-08,4341
2024-12-09,4485
2024-12-10,5371
2024-12-11,4247
2024-12-12,3854
2024-12-13,3818
2024-12-14,3612
2024-12-15,3676
2024-12-16,5609
2024-12-17,3898
2024-12-18,4231
2024-12-19,4690
2024-12-20,4108
2024-12-21,3715
2024-12-22,3830
2024-12-23,4044
2024-12-24,3872
2024-12-25,4245
2024-12-26,3848
2024-12-27,4431
2024-12-28,4408
2024-12-29,5074
2024-12-30,4378
2024-12-31,4310
2025-01-01,4385
2025-01-02,7631
2025-01-03,7011
2025-01-04,7987
2025-01-05,7022
2025-01-06,7171
2025-01-07,6582
2025-01-08,4546
2025-01-09,4211
2025-01-10,6718
2025-01-11,6056
2025-01-12,5919
2025-01-13,6291
2025-01-14,4972
2025-01-15,4636
2025-01-16,7023
2025-01-17,6517
2025-01-18,6939
2025-01-19,6138
2025-01-20,7194
2025-01-21,5984
2025-01-22,5903
2025-01-23,10523
2025-01-24,8166
2025-01-25,6578
2025-01-26,7530
2025-01-27,8867
2025-01-28,7297
2025-01-29,6236
2025-01-30,5810
2025-01-31,5710
2025-02-01,7613
2025-02-02,7465
2025-02-03,8460
2025-02-04,72517
2025-02-05,33769
2025-02-06,16055
2025-02-07,11630
2025-02-08,11886
2025-02-09,11006
2025-02-10,13161
2025-02-11,10953
2025-02-12,10686
2025-02-13,9473
2025-02-14,7848
2025-02-15,8110
2025-02-16,8949
2025-02-17,8412
2025-02-18,7577
2025-02-19,7353
2025-02-20,6715
2025-02-21,6917
2025-02-22,5672
2025-02-23,6189
2025-02-24,5895
2025-02-25,4986
2025-02-26,6678
2025-02-27,5768
2025-02-28,5534
2025-03-01,5540
2025-03-02,5683
2025-03-03,5147
2025-03-04,5270
2025-03-05,4786
2025-03-06,4880
2025-03-07,4694
2025-03-08,4138
2025-03-09,4431
2025-03-10,4594
2025-03-11,4605
2025-03-12,4244
2025-03-13,4467
2025-03-14,4470
2025-03-15,4448
2025-03-16,27588
2025-03-17,53225
2025-03-18,33950
2025-03-19,21941
2025-03-20,19279
2025-03-21,15139
2025-03-22,13096
2025-03-23,11292
2025-03-24,12013
2025-03-25,9268
2025-03-26,7679
2025-03-27,11577
2025-03-28,8644
2025-03-29,7405
2025-03-30,7422
2025-03-31,8535
2025-04-01,11751
2025-04-02,9157
2025-04-03,7191
2025-04-04,9339
2025-04-05,7923
2025-04-06,7950
2025-04-07,9480
2025-04-08,10237
2025-04-09,11220
2025-04-10,9662
2025-04-11,11752
2025-04-12,9666
2025-04-13,25208
2025-04-14,252127
2025-04-15,219809
2025-04-16,105785
2025-04-17,66702
2025-04-18,68168
2025-04-19,48415
2025-04-20,29910
2025-04-21,42531
2025-04-22,19952
2025-04-23,13121
2025-04-24,11898
2025-04-25,13203
2025-04-26,10148
2025-04-27,8419
2025-04-28,8288
2025-04-29,7747
2025-04-30,9047
2025-05-01,9160
2025-05-02,6290
2025-05-03,6181
2025-05-04,6872
2025-05-05,6667
2025-05-06,7692
2025-05-07,6068
2025-05-08,6339
2025-05-09,6955
2025-05-10,5843
2025-05-11,5067
2025-05-12,5064
2025-05-13,4627
2025-05-14,5224
2025-05-15,4617
2025-05-16,4006
2025-05-17,3817
2025-05-18,4018
2025-05-19,4540
2025-05-20,4245
2025-05-21,3542
2025-05-22,3524
2025-05-23,3419
2025-05-24,3417
2025-05-25,3341
2025-05-26,3824
2025-05-27,3378
2025-05-28,3247
2025-05-29,4233
2025-05-30,4227
2025-05-31,4835
2025-06-01,7145
2025-06-02,6390
2025-06-03,4634
2025-06-04,4990
2025-06-05,4597
2025-06-06,4179
2025-06-07,4893
2025-06-08,4571
2025-06-09,4067
2025-06-10,3863
2025-06-11,3973
2025-06-12,4002
2025-06-13,3455
2025-06-14,3305
2025-06-15,3234
2025-06-16,3306
2025-06-17,2940
2025-06-18,3292
2025-06-19,2970
2025-06-20,2962
2025-06-21,2826
2025-06-22,3266
2025-06-23,3292
2025-06-24,3128
2025-06-25,3530
2025-06-26,3117
2025-06-27,2921
2025-06-28,2684
2025-06-29,3382
2025-06-30,6860
2025-07-01,3558
2025-07-02,2981
2025-07-03,3513
2025-07-04,4266
2025-07-05,3795
2025-07-06,3923
2025-07-07,3257
2025-07-08,3570
2025-07-09,3123
2025-07-10,3674
2025-07-11,3068
2025-07-12,10473
2025-07-13,2884
2025-07-14,2890
2025-07-15,2820
2025-07-16,2748
2025-07-17,3445
2025-07-18,3780
2025-07-19,4110
2025-07-20,3413
2025-07-21,3501
2025-07-22,4370
2025-07-23,3761
2025-07-24,8573
2025-07-25,3577
2025-07-26,3006
2025-07-27,3217
2025-07-28,3625
2025-07-29,3075
2025-07-30,2615
2025-07-31,2765
2025-08-01,28975
2025-08-02,15341
2025-08-03,10616
2025-08-04,7905
2025-08-05,5939
2025-08-06,5740
2025-08-07,5523
2025-08-08,5127
2025-08-09,4669
2025-08-10,4521
2025-08-11,4989
2025-08-12,4434
2025-08-13,4418
2025-08-14,3848
2025-08-15,3413
2025-08-16,3449
2025-08-17,3414
2025-08-18,4081
2025-08-19,3504
2025-08-20,3494
2025-08-21,3558
2025-08-22,4846
2025-08-23,4985
2025-08-24,4950
2025-08-25,4889
2025-08-26,4213
2025-08-27,4456
2025-08-28,4258
2025-08-29,4164
2025-08-30,5058
2025-08-31,4718
2025-09-01,4236
2025-09-02,3789
2025-09-03,3755
2025-09-04,5374
2025-09-05,4209
2025-09-06,4604
2025-09-07,4774
2025-09-08,4078
2025-09-09,3703
2025-09-10,3655
2025-09-11,5957
2025-09-12,5130
2025-09-13,3830
2025-09-14,3883
2025-09-15,3982
2025-09-16,3877
2025-09-17,3492
2025-09-18,3277
2025-09-19,3280
2025-09-20,3165
2025-09-21,3310
2025-09-22,3120
2025-09-23,4310
2025-09-24,4343
2025-09-25,3850
2025-09-26,3648
2025-09-27,4112
2025-09-28,6381
2025-09-29,4526
2025-09-30,4107
2025-10-01,3042
2025-10-02,3921
2025-10-03,4192
2025-10-04,3640
2025-10-05,5303
2025-10-06,4849
2025-10-07,3733
2025-10-08,5671
2025-10-09,5188
2025-10-10,4489
2025-10-11,3754
2025-10-12,4430
2025-10-13,3668
2025-10-14,3328
2025-10-15,3778
2025-10-16,4045
2025-10-17,3888
2025-10-18,3517
2025-10-19,3944
2025-10-20,3991
2025-10-21,3382
2025-10-22,3340
2025-10-23,3366
2025-10-24,3441
2025-10-25,3414
2025-10-26,3507
2025-10-27,3868
2025-10-28,4024
2025-10-29,4660
2025-10-30,4134
2025-10-31,3665
2025-11-01,3514
2025-11-02,4372
2025-11-03,5218
2025-11-04,4911
2025-11-05,4462
2025-11-06,5222
2025-11-07,4269
2025-11-08,3629
2025-11-09,3892
2025-11-10,3318
2025-11-11,3339
2025-11-12,3655
2025-11-13,3799
2025-11-14,3669
2025-11-15,3576
2025-11-16,4499
2025-11-17,10100
2025-11-18,5173
2025-11-19,4264
2025-11-20,3706
2025-11-21,3207
2025-11-22,2921
2025-11-23,3055
2025-11-24,4212
2025-11-25,3275
2025-11-26,5307
2025-11-27,4339
2025-11-28,4679
2025-11-29,4496
2025-11-30,3965
2025-12-01,5002
2025-12-02,5068
2025-12-03,3635
2025-12-04,3439
2025-12-05,3118
2025-12-06,2835
2025-12-07,3191
2025-12-08,3183
2025-12-09,3758
2025-12-10,3507
2025-12-11,3491
2025-12-12,3326
2025-12-13,3023
2025-12-14,2999
2025-12-15,4456
2025-12-16,4255
2025-12-17,3449
2025-12-18,3026
2025-12-19,2794
2025-12-20,2624
2025-12-21,3044
2025-12-22,4039
2025-12-23,5246
2025-12-24,5674
2025-12-25,5321
2025-12-26,6080
2025-12-27,4547
2025-12-28,3963
2025-12-29,3852
2025-12-30,4122
2025-12-31,3280
2026-01-01,3018
2026-01-02,2972
2026-01-03,13538
2026-01-04,12873
2026-01-05,7397
2026-01-06,5849
2026-01-07,4854
2026-01-08,4143
2026-01-09,4878
2026-01-10,4233
2026-01-11,4422
2026-01-12,4523
2026-01-13,3462
2026-01-14,3329
2026-01-15,3220
2026-01-16,3490
2026-01-17,3248
2026-01-18,3769
2026-01-19,4117
2026-01-20,3597
2026-01-21,3033
2026-01-22,4072
2026-01-23,3536
2026-01-24,3058
2026-01-25,2918
2026-01-26,2688
2026-01-27,3286
2026-01-28,3182
2026-01-29,3011
2026-01-30,2958
2026-01-31,4121
2026-02-01,3909
2026-02-02,4666
2026-02-03,4016
2026-02-04,3772
2026-02-05,6540
2026-02-06,5727
2026-02-07,4839
2026-02-08,4856
2026-02-09,4917
2026-02-10,3760
2026-02-11,3402
2026-02-12,3500
2026-02-13,3544
2026-02-14,3107
2026-02-15,3302
2026-02-16,3423
2026-02-17,3402
2026-02-18,3188
2026-02-19,3543
2026-02-20,2918
2026-02-21,3089
2026-02-22,3668
2026-02-23,7289
2026-02-24,6041
2026-02-25,5935
2026-02-26,5479
2026-02-27,4007
2026-02-28,3373
2026-03-01,3223
2026-03-02,3185
2026-03-03,2938
2026-03-04,2925
2026-03-05,2848
2026-03-06,3055
2026-03-07,5217
2026-03-08,5600
2026-03-09,3626
2026-03-10,4924
2026-03-11,3103
2026-03-12,2842
2026-03-13,2371
2026-03-14,2522
2026-03-15,2570
2026-03-16,2707
2026-03-17,2637
2026-03-18,3026
2026-03-19,2516
2026-03-20,2477
2026-03-21,2143
2026-03-22,2972
2026-03-23,2871
2026-03-24,3476
2026-03-25,3266
2026-03-26,3165
2026-03-27,6778
2026-03-28,15020
2026-03-29,8665
2026-03-30,6823
2026-03-31,6042
2026-04-01,4870
2026-04-02,4122
2026-04-03,3995
2026-04-04,4092
2026-04-05,3978
2026-04-06,3662
2026-04-07,6401
2026-04-08,5474
2026-04-09,4521
2026-04-10,3725
2026-04-11,3418
2026-04-12,3713
2026-04-13,3820
2026-04-14,3220
2026-04-15,3508
2026-04-16,6143
2026-04-17,6882
2026-04-18,4037
2026-04-19,4703
2026-04-20,4905
2026-04-21,5087
2026-04-22,4773
2026-04-23,3884
2026-04-24,4168
2026-04-25,3647
2026-04-26,4075
2026-04-27,5317
2026-04-28,4246
2026-04-29,3741
2026-04-30,3475
2026-05-01,2869
2026-05-02,3358
2026-05-03,3575
2026-05-04,4304
2026-05-05,3902
2026-05-06,3583
2026-05-07,3075
2026-05-08,3214
2026-05-09,3783
2026-05-10,3692
2026-05-11,4418
2026-05-12,2935
2026-05-13,3197
2026-05-14,3513
2026-05-15,3109
2026-05-16,3122
2026-05-17,2900
2026-05-18,3407
2026-05-19,3219
2026-05-20,2970
2026-05-21,3368
2026-05-22,2975
2026-05-23,2776
2026-05-24,2755
2026-05-25,2879
2026-05-26,3153
2026-05-27,4838
2026-05-28,5593
2026-05-29,5348
2026-05-30,3984
2026-05-31,5034
2026-06-01,6857
2026-06-02,5153
2026-06-03,5037
2026-06-04,4249
2026-06-05,3671
2026-06-06,3686
2026-06-07,3894
2026-06-08,3957
2026-06-09,5009
2026-06-10,3584
2026-06-11,3744
2026-06-12,3379
2026-06-13,3413
2026-06-14,3148
2026-06-15,3211
2026-06-16,3411
2026-06-17,2900
2026-06-18,2952
2026-06-19,2721
2026-06-20,3029
2026-06-21,3888
2026-06-22,6824
2026-06-23,4597
2026-06-24,3996
2026-06-25,4321
2026-06-26,4504
2026-06-27,4149
2026-06-28,3927
2026-06-29,4606
2026-06-30,3925
